Changes in global mean sea level (GMSL) in millimeters compared to 1985-2004 average. ,,,,,,,,
Year,Ray&Dauglas 2011,Church&White 2011,"Jevrejeva et al., 2014","Hay et al.,  2015","Dangendorf et al., 2019","Frederikse et al., 2020","Palmer et al.,  2021",New reconstruction
1808,NaN,NaN,-206.7624921,NaN,NaN,NaN,NaN,NaN
1809,NaN,NaN,-159.196381,NaN,NaN,NaN,NaN,NaN
1810,NaN,NaN,-144.2066587,NaN,NaN,NaN,NaN,NaN
1811,NaN,NaN,-132.2516587,NaN,NaN,NaN,NaN,NaN
1812,NaN,NaN,-151.7202699,NaN,NaN,NaN,NaN,NaN
1813,NaN,NaN,-165.376381,NaN,NaN,NaN,NaN,NaN
1814,NaN,NaN,-164.8033254,NaN,NaN,NaN,NaN,NaN
1815,NaN,NaN,-172.0705476,NaN,NaN,NaN,NaN,NaN
1816,NaN,NaN,-157.1086032,NaN,NaN,NaN,NaN,NaN
1817,NaN,NaN,-148.2091587,NaN,NaN,NaN,NaN,NaN
1818,NaN,NaN,-136.9277699,NaN,NaN,NaN,NaN,NaN
1819,NaN,NaN,-172.4172143,NaN,NaN,NaN,NaN,NaN
1820,NaN,NaN,-186.6636032,NaN,NaN,NaN,NaN,NaN
1821,NaN,NaN,-160.8405476,NaN,NaN,NaN,NaN,NaN
1822,NaN,NaN,-134.6008254,NaN,NaN,NaN,NaN,NaN
1823,NaN,NaN,-165.1527699,NaN,NaN,NaN,NaN,NaN
1824,NaN,NaN,-184.621381,NaN,NaN,NaN,NaN,NaN
1825,NaN,NaN,-177.103881,NaN,NaN,NaN,NaN,NaN
1826,NaN,NaN,-200.5655477,NaN,NaN,NaN,NaN,NaN
1827,NaN,NaN,-196.3883254,NaN,NaN,NaN,NaN,NaN
1828,NaN,NaN,-134.863881,NaN,NaN,NaN,NaN,NaN
1829,NaN,NaN,-175.3880477,NaN,NaN,NaN,NaN,NaN
1830,NaN,NaN,-175.2733254,NaN,NaN,NaN,NaN,NaN
1831,NaN,NaN,-143.0961032,NaN,NaN,NaN,NaN,NaN
1832,NaN,NaN,-197.6174921,NaN,NaN,NaN,NaN,NaN
1833,NaN,NaN,-195.1195421,NaN,NaN,NaN,NaN,NaN
1834,NaN,NaN,-194.8700699,NaN,NaN,NaN,NaN,NaN
1835,NaN,NaN,-206.2359005,NaN,NaN,NaN,NaN,NaN
1836,NaN,NaN,-196.2791503,NaN,NaN,NaN,NaN,NaN
1837,NaN,NaN,-202.4319582,NaN,NaN,NaN,NaN,NaN
1838,NaN,NaN,-210.7995229,NaN,NaN,NaN,NaN,NaN
1839,NaN,NaN,-211.0475583,NaN,NaN,NaN,NaN,NaN
1840,NaN,NaN,-196.2573452,NaN,NaN,NaN,NaN,NaN
1841,NaN,NaN,-186.6928613,NaN,NaN,NaN,NaN,NaN
1842,NaN,NaN,-187.7781391,NaN,NaN,NaN,NaN,NaN
1843,NaN,NaN,-185.1317502,NaN,NaN,NaN,NaN,NaN
1844,NaN,NaN,-191.3028613,NaN,NaN,NaN,NaN,NaN
1845,NaN,NaN,-182.3218891,NaN,NaN,NaN,NaN,NaN
1846,NaN,NaN,-177.3518891,NaN,NaN,NaN,NaN,NaN
1847,NaN,NaN,-219.7158474,NaN,NaN,NaN,NaN,NaN
1848,NaN,NaN,-198.7384429,NaN,NaN,NaN,NaN,NaN
1849,NaN,NaN,-197.7013112,NaN,NaN,NaN,NaN,NaN
1850,NaN,NaN,-202.2597384,NaN,NaN,NaN,NaN,NaN
1851,NaN,NaN,-207.4614707,NaN,NaN,NaN,NaN,NaN
1852,NaN,NaN,-175.5722606,NaN,NaN,NaN,NaN,NaN
1853,NaN,NaN,-191.2717658,NaN,NaN,NaN,NaN,NaN
1854,NaN,NaN,-216.7284325,NaN,NaN,NaN,NaN,NaN
1855,NaN,NaN,-228.0263318,NaN,NaN,NaN,NaN,NaN
1856,NaN,NaN,-259.0501831,NaN,NaN,NaN,NaN,NaN
1857,NaN,NaN,-268.0013839,NaN,NaN,NaN,NaN,NaN
1858,NaN,NaN,-265.8929753,NaN,NaN,NaN,NaN,NaN
1859,NaN,NaN,-245.8588492,NaN,NaN,NaN,NaN,NaN
1860,NaN,NaN,-273.387414,NaN,NaN,NaN,NaN,NaN
1861,NaN,NaN,-272.6996565,NaN,NaN,NaN,NaN,NaN
1862,NaN,NaN,-240.9037407,NaN,NaN,NaN,NaN,NaN
1863,NaN,NaN,-260.7177381,NaN,NaN,NaN,NaN,NaN
1864,NaN,NaN,-243.7504732,NaN,NaN,NaN,NaN,NaN
1865,NaN,NaN,-261.9330438,NaN,NaN,NaN,NaN,NaN
1866,NaN,NaN,-221.375424,NaN,NaN,NaN,NaN,NaN
1867,NaN,NaN,-208.3217999,NaN,NaN,NaN,NaN,NaN
1868,NaN,NaN,-202.1137256,NaN,NaN,NaN,NaN,NaN
1869,NaN,NaN,-219.1374466,NaN,NaN,NaN,NaN,NaN
1870,NaN,NaN,-229.1274307,NaN,NaN,NaN,NaN,NaN
1871,NaN,NaN,-237.9421334,NaN,NaN,NaN,NaN,NaN
1872,NaN,NaN,-220.0794561,NaN,NaN,NaN,NaN,NaN
1873,NaN,NaN,-232.6324273,NaN,NaN,NaN,NaN,NaN
1874,NaN,NaN,-258.2603744,NaN,NaN,NaN,NaN,NaN
1875,NaN,NaN,-256.151581,NaN,NaN,NaN,NaN,NaN
1876,NaN,NaN,-209.155689,NaN,NaN,NaN,NaN,NaN
1877,NaN,NaN,-181.3819651,NaN,NaN,NaN,NaN,NaN
1878,NaN,NaN,-174.0490387,NaN,NaN,NaN,NaN,NaN
1879,NaN,NaN,-199.9127394,NaN,NaN,NaN,NaN,NaN
1880,NaN,-167.0578947,-210.2367526,NaN,NaN,NaN,NaN,NaN
1881,NaN,-161.4578947,-203.7508129,NaN,NaN,NaN,NaN,NaN
1882,NaN,-178.2578947,-213.7043642,NaN,NaN,NaN,NaN,NaN
1883,NaN,-172.9578947,-204.2528916,NaN,NaN,NaN,NaN,NaN
1884,NaN,-152.0578947,-193.0635088,NaN,NaN,NaN,NaN,NaN
1885,NaN,-153.5578947,-187.3584416,NaN,NaN,NaN,NaN,NaN
1886,NaN,-155.9578947,-185.4419908,NaN,NaN,NaN,NaN,NaN
1887,NaN,-161.5578947,-200.004355,NaN,NaN,NaN,NaN,NaN
1888,NaN,-159.4578947,-199.799372,NaN,NaN,NaN,NaN,NaN
1889,NaN,-157.8578947,-184.6733626,NaN,NaN,NaN,NaN,NaN
1890,NaN,-155.8578947,-181.0923317,NaN,NaN,NaN,NaN,NaN
1891,NaN,-157.5578947,-191.9346323,NaN,NaN,NaN,NaN,NaN
1892,NaN,-154.3578947,-192.6123901,NaN,NaN,NaN,NaN,NaN
1893,NaN,-149.6578947,-181.9713265,NaN,NaN,NaN,NaN,NaN
1894,NaN,-159.3578947,-186.2089498,NaN,NaN,NaN,NaN,NaN
1895,NaN,-147.5578947,-177.9145639,NaN,NaN,NaN,NaN,NaN
1896,NaN,-155.1578947,-176.429461,NaN,NaN,NaN,NaN,NaN
1897,NaN,-149.9578947,-174.7997042,NaN,NaN,NaN,NaN,NaN
1898,NaN,-140.5578947,-174.6239487,NaN,NaN,NaN,NaN,NaN
1899,NaN,-133.0578947,-170.3991731,NaN,NaN,NaN,NaN,NaN
1900,-155.63,-138.4578947,-166.4859093,-119.9857895,-124.1060051,-127.7779465,-129.4319383,-125.8564912
1901,-153.52,-138.8578947,-169.5039585,-119.3357895,-123.0368427,-123.2355665,-127.7175716,-125.9164912
1902,-149.75,-134.2578947,-159.0288674,-118.6057895,-120.761252,-134.8345865,-129.285891,-123.1281579
1903,-146.86,-126.2578947,-147.66596,-117.6857895,-120.4048111,-124.5751465,-123.1285128,-112.2789912
1904,-146.92,-136.5578947,-161.7355684,-116.9357895,-118.3873542,-123.1988965,-125.3681479,-125.3364912
1905,-147.96,-142.0578947,-167.4971186,-116.3957895,-116.2531132,-116.5664765,-123.9191561,-132.9906579
1906,-147.39,-135.2578947,-166.0603531,-115.3057895,-116.0874707,-130.8780465,-126.4659908,-128.2223246
1907,-147.06,-136.6578947,-164.4179559,-113.9257895,-113.8859307,-123.3315865,-124.0900873,-124.9981579
1908,-146.06,-139.1578947,-169.0225038,-112.8257895,-112.2299564,-139.1302765,-129.318405,-127.2806579
1909,-145.42,-134.6578947,-167.8139848,-111.4457895,-112.6027637,-134.3975665,-126.1506636,-123.7723246
1910,-140.78,-134.7578947,-162.5188059,-109.1957895,-111.6906292,-132.1787965,-125.3408376,-122.1256579
1911,-140.03,-126.4578947,-154.4104204,-106.4957895,-108.7097035,-117.8365665,-116.4509802,-109.3673246
1912,-136.49,-129.5578947,-149.5746866,-103.7057895,-107.8676705,-109.8232265,-114.6471934,-111.8106579
1913,-131.95,-127.7578947,-146.0772627,-101.0057895,-106.807868,-102.0443065,-111.1579799,-115.5598246
1914,-126.21,-121.4578947,-131.566543,-98.65578947,-105.5619651,-100.2410965,-107.9804386,-113.6998246
1915,-123.71,-113.5578947,-126.0471201,-96.97578947,-103.7475618,-96.8101965,-103.5716796,-102.8623246
1916,-126.49,-115.4578947,-145.4904326,-96.40578947,-104.5095674,-122.3719265,-113.2307767,-102.5956579
1917,-127.31,-119.9578947,-151.4291411,-96.24578947,-103.774861,-112.5950565,-111.1945066,-106.3381579
1918,-127.37,-121.5578947,-154.4571427,-95.97578947,-101.0148677,-109.2384265,-109.463526,-110.7256579
1919,-122.95,-119.9578947,-143.5910953,-95.23578947,-99.95456576,-103.4316465,-106.4304145,-108.8089912
1920,-119.63,-118.6578947,-130.2910529,-94.26578947,-100.1704437,-94.5334265,-103.1907877,-102.0773246
1921,-119.3,-116.5578947,-130.8733576,-94.36578947,-100.1671027,-94.9662565,-102.6030032,-103.1523246
1922,-121.9,-117.4578947,-135.6572438,-95.19578947,-98.01776591,-96.2520465,-102.6986196,-102.6739912
1923,-124.73,-116.2578947,-147.0292282,-95.94578947,-97.15248867,-111.0503965,-106.9469223,-102.0539912
1924,-123.18,-123.5578947,-150.4138087,-96.32578947,-96.85086796,-104.8337565,-107.5277382,-109.7673246
1925,-120.88,-121.5578947,-149.7183987,-96.56578947,-95.49697317,-110.0399865,-107.9554015,-108.3964912
1926,-116.94,-115.0578947,-144.7336234,-96.33578947,-95.32349206,-110.9040065,-105.9583032,-103.8264912
1927,-116.45,-116.1578947,-147.0376031,-95.88578947,-94.64125213,-103.3854865,-103.8036978,-104.2264912
1928,-116.88,-120.0578947,-153.4782114,-95.32578947,-92.75163173,-106.7591865,-105.301731,-109.4056579
1929,-118.79,-118.6578947,-149.4974681,-93.60578947,-90.35912561,-107.0088065,-104.2684784,-105.3831579
1930,-117.19,-114.6578947,-137.0521408,-91.56578947,-88.96247622,-102.1578465,-100.8356675,-99.56815789
1931,-113.07,-115.0578947,-130.616221,-89.11578947,-89.1902843,-101.9499565,-100.9342639,-102.0498246
1932,-107.65,-109.3578947,-120.0937293,-86.64578947,-87.76832124,-87.6691365,-93.78688657,-99.05149123
1933,-104.94,-105.0578947,-122.4050708,-84.85578947,-86.42754878,-93.8908165,-93.96038803,-97.88065789
1934,-101.35,-110.4578947,-130.4645052,-83.39578947,-84.32895961,-107.0994265,-99.45482458,-99.50482456
1935,-100.57,-104.8578947,-122.3440853,-81.02578947,-80.97736046,-94.6227865,-92.34777704,-93.62065789
1936,-96.62,-108.7578947,-112.889451,-78.03578947,-79.33126135,-100.0130065,-95.0486997,-100.7831579
1937,-94.47,-103.0578947,-110.7963076,-74.51578947,-77.70286931,-90.8947165,-89.52495323,-93.74565789
1938,-92.66,-100.4578947,-106.6550044,-70.80578947,-75.67188064,-81.3305765,-84.81469954,-87.02149123
1939,-90.85,-95.25789474,-102.4075005,-68.48578947,-72.63129117,-76.4478865,-80.67994844,-82.17565789
1940,-87.31,-100.5578947,-104.4255391,-67.21578947,-70.6596188,-87.5876265,-85.33926504,-91.51982456
1941,-82.2,-88.35789474,-101.7073143,-65.70578947,-68.28296565,-72.3682065,-75.37184446,-75.75232456
1942,-78.63,-88.35789474,-98.21295719,-64.11578947,-66.65612083,-72.0567965,-74.77644437,-78.81732456
1943,-81.28,-88.35789474,-93.71363397,-62.36578947,-65.72013789,-65.4763065,-72.29364069,-77.27565789
1944,-81.07,-94.75789474,-102.6304562,-60.62578947,-63.41329251,-74.0357365,-76.49937337,-85.29649123
1945,-80.58,-91.95789474,-100.0505447,-57.86578947,-61.56048069,-74.6455365,-75.04656629,-80.46982456
1946,-75.72,-84.45789474,-91.47045721,-54.21578947,-57.89753397,-59.9168865,-66.4321824,-73.79815789
1947,-69.2,-81.35789474,-87.04416629,-51.98578947,-56.39403616,-67.7513265,-67.58098215,-69.88649123
1948,-63.94,-76.55789474,-75.84706846,-50.88578947,-55.35800089,-59.7081765,-62.99450441,-65.89315789
1949,-59.28,-77.85789474,-69.6190136,-49.93578947,-53.46642816,-47.3974765,-58.69893007,-61.76982456
1950,-58.91,-75.65789474,-62.14082462,-48.34578947,-52.47571162,-51.4879565,-58.92925638,-59.21065789
1951,-59.5,-66.15789474,-56.33244068,-46.21578947,-51.26345347,-40.8554565,-51.8307261,-50.76315789
1952,-55.53,-68.75789474,-62.27532553,-44.28578947,-48.70102502,-40.9102765,-51.82915453,-55.33982456
1953,-51.37,-64.35789474,-59.99580127,-42.98578947,-48.58937803,-34.8901065,-48.38795188,-52.28315789
1954,-46.99,-67.25789474,-57.36108379,-42.39578947,-47.73147628,-45.0734365,-52.45470975,-54.56565789
1955,-52.27,-66.35789474,-52.60725119,-42.14578947,-47.74616931,-41.8629965,-51.06469176,-54.50065789
1956,-53.97,-71.45789474,-61.49262952,-41.67578947,-46.18143293,-55.3227765,-56.71375855,-59.50232456
1957,-54.36,-58.05789474,-47.44746951,-41.26578947,-43.47837504,-39.2050765,-45.97581596,-47.91315789
1958,-49.34,-56.65789474,-45.6795952,-40.98578947,-43.64102639,-40.7938565,-46.16238606,-48.96232456
1959,-47.3,-56.35789474,-47.85609115,-40.70578947,-43.2636062,-37.6780265,-44.93854634,-49.87065789
1960,-45,-52.65789474,-35.84774392,-40.40578947,-43.36244168,-31.7734565,-41.77867637,-45.59065789
1961,-44.42,-46.45789474,-33.23991174,-40.24578947,-44.06240246,-32.3824765,-40.06081438,-39.54065789
1962,-46.15,-51.65789474,-35.20812723,-40.29578947,-43.91007807,-34.2225765,-42.38208415,-44.27149123
1963,-46.87,-53.25789474,-29.13887592,-40.53578947,-43.46472596,-33.8077665,-42.62246032,-43.09315789
1964,-46.19,-61.15789474,-35.97359442,-40.64578947,-43.87010126,-37.7786665,-46.74546385,-52.52149123
1965,-43.83,-49.95789474,-33.60190585,-40.71578947,-40.34163181,-31.6487365,-39.80215561,-42.09982456
1966,-44.94,-55.35789474,-41.18645882,-40.26578947,-40.16498055,-37.7210265,-43.57530432,-49.49149123
1967,-46.02,-53.95789474,-37.38836049,-39.19578947,-41.96873575,-37.8449465,-43.78377333,-48.16065789
1968,-43.85,-53.15789474,-29.90308857,-38.21578947,-39.93302845,-39.9718965,-43.51001878,-46.06315789
1969,-41.4,-46.35789474,-27.37555202,-37.78578947,-37.26759218,-39.6413965,-40.25200204,-40.95815789
1970,-36.67,-48.25789474,-27.45494455,-37.69578947,-38.58219364,-39.7427565,-41.40180406,-41.52399123
1971,-37.52,-43.05789474,-24.81752115,-37.43578947,-38.18446844,-27.6005065,-35.49025648,-36.26149123
1972,-35.91,-33.95789474,-22.413712,-36.63578947,-36.2365359,-33.2522365,-33.71301792,-28.99149123
1973,-35.16,-39.95789474,-29.81136314,-35.52578947,-36.05119649,-38.0622365,-37.23769129,-36.93982456
1974,-35.29,-28.05789474,-26.37946383,-33.95578947,-35.73801521,-31.4095465,-31.00442576,-24.45315789
1975,-37.84,-29.65789474,-26.20279836,-32.36578947,-34.82886371,-23.1963865,-28.35450558,-27.53565789
1976,-39.29,-30.65789474,-25.94255946,-30.91578947,-32.38660309,-33.0417865,-31.19617833,-28.20815789
1977,-36.15,-32.35789474,-31.90203174,-29.67578947,-30.76165457,-28.3334865,-29.67904091,-29.80899123
1978,-31.48,-25.95789474,-28.58500705,-28.31578947,-29.00199119,-33.1092965,-28.51271461,-24.58649123
1979,-27.14,-30.85789474,-24.52734071,-26.79578947,-27.76285373,-22.8882865,-26.44063791,-29.91482456
1980,-23.18,-24.85789474,-19.67134612,-25.26578947,-24.94826104,-25.1961265,-24.26894731,-20.87149123
1981,-22.43,-12.45789474,-22.02239147,-23.81578947,-25.3521711,-7.8662365,-14.54755942,-9.971491228
1982,-17.98,-18.25789474,-15.3761301,-22.33578947,-22.76748605,-16.3070865,-18.36729083,-16.98649123
1983,-15.79,-9.857894737,2.075776557,-20.49578947,-23.03330618,-12.9787465,-14.52478364,-13.85565789
1984,-16.4,-10.75789474,-11.95736668,-18.20578947,-19.36048553,-13.1890265,-13.70658671,-12.44732456
1985,-21.24,-21.05789474,-23.92687513,-16.01578947,-17.98061641,-18.8592465,-18.55670639,-18.30982456
1986,-23.21,-20.45789474,-17.55960887,-14.12578947,-16.52724208,-11.7720965,-15.43410272,-18.10482456
1987,-18.77,-19.85789474,-12.86090839,-12.35578947,-14.81227138,-14.2057965,-15.52612781,-19.61482456
1988,-15.65,-15.15789474,-18.82831041,-10.95578947,-15.86039675,-17.0627965,-15.18372285,-13.83149123
1989,-13.54,-10.65789474,-11.47312062,-9.915789474,-15.53773551,-9.8123265,-11.19119692,-10.27149123
1990,-12.03,-9.257894737,-11.702954,-8.595789474,-10.47995434,-6.5794165,-7.65648431,-6.665657895
1991,-9.89,-6.157894737,-16.67030475,-6.495789474,-6.462794892,-13.9796765,-8.005427478,-4.178157895
1992,-9.47,-3.357894737,-8.517021331,-4.485789474,-5.204504361,-14.6658165,-7.566484462,-5.411491228
1993,-6.68,-7.857894737,-10.93410205,-2.675789474,-2.80044655,-13.6415065,-7.034327281,-8.050657895
1994,-4.11,-4.457894737,-6.817233783,-0.685789474,-1.929563133,-10.7213565,-4.077215868,-3.582324561
1995,-0.1,0.142105263,-3.033528778,1.444210526,0.468104109,0.1506335,1.326313318,0.657675439
1996,5.21,5.342105263,3.685176065,3.404210526,0.904605178,-4.6298765,1.314635731,6.011008772
1997,8.53,12.34210526,11.77027784,5.024210526,5.193996874,9.1353135,9.589541931,11.63100877
1998,12.91,1.042105263,13.63571432,6.834210526,5.815294509,9.3993735,6.646677663,0.799342105
1999,15.32,10.84210526,13.45120929,8.984210526,7.462592137,12.3499635,11.06542817,10.20850877
2000,19.47,14.44210526,13.02404484,11.16421053,10.76909453,14.6736635,13.32178252,12.93184211
2001,20.66,19.94210526,23.05919683,13.59421053,14.53385767,16.9553335,17.07242027,18.16934211
2002,25.23,22.84210526,25.86578242,16.39421053,18.21362507,26.6392135,22.36748767,20.04850877
2003,27.36,31.34210526,37.83256652,19.46421053,20.70290612,30.4249335,27.52750882,27.56350877
2004,31.54,30.04210526,33.38219833,22.87421053,23.53144919,16.2014835,23.60887344,25.19850877
2005,32.65,30.44210526,33.84138621,26.48421053,26.69696082,22.5035735,26.78710861,25.92017544
2006,34.41,34.54210526,33.14050248,30.20421053,28.01319921,34.1881035,32.58028449,29.63267544
2007,36.6,35.94210526,34.20903191,33.81421053,30.24387304,28.4487935,32.01222152,32.35434211
2008,NaN,44.34210526,32.16622001,36.80421053,33.75659661,35.9004735,38.58980005,41.40517544
2009,NaN,50.74210526,41.39992181,39.84421053,38.17405542,37.8730535,42.68029886,47.50517544
2010,NaN,57.44210526,NaN,43.96421053,39.76839508,42.4157035,47.26094404,53.81434211
2011,NaN,58.64210526,NaN,NaN,39.92468726,38.1313235,NaN,55.29684211
2012,NaN,65.64210526,NaN,NaN,47.11845757,57.5040035,NaN,62.71517544
2013,NaN,63.44210526,NaN,NaN,50.31556039,51.7015135,NaN,62.02434211
2014,NaN,74.14210526,NaN,NaN,54.61331423,57.2603735,NaN,74.23267544
2015,NaN,71.04210526,NaN,NaN,59.67493624,63.2125735,NaN,70.07850877
2016,NaN,71.34210526,NaN,NaN,NaN,69.2952135,NaN,71.49684211
2017,NaN,78.34210526,NaN,NaN,NaN,77.6233335,NaN,76.62350877
2018,NaN,79.84210526,NaN,NaN,NaN,80.9778735,NaN,76.68684211
2019,NaN,90.54210526,NaN,NaN,NaN,NaN,NaN,81.31600877
